CutTableBySelection,Measure Names,Measure Values
CAS 2020-R02 G2, Risk Layers,0.281861140
CAS 2020-R01 G1, Risk Layers,0.288297954
CAS 2019-R07 G1, Risk Layers,0.338205369
CAS 2019-R06 G2, Risk Layers,0.336348770
CAS 2019-R05 G1, Risk Layers,0.455806075
CAS 2019-R04 G2, Risk Layers,0.362305252
CAS 2019-R03 G1, Risk Layers,0.451514171
CAS 2019-R02 G1, Risk Layers,0.434109745
CAS 2019-R01 G2, Risk Layers,0.352910741
CAS 2019-HRP1, Risk Layers,0.119733794
CAS 2018-R07 G1, Risk Layers,0.449972090
CAS 2018-C06 G2, Risk Layers,0.339381595
CAS 2018-C06 G1, Risk Layers,0.422024062
CAS 2018-C05 G1, Risk Layers,0.364822640
CAS 2018-C04 G2, Risk Layers,0.294815840
CAS 2018-C03 G1, Risk Layers,0.295189097
CAS 2018-C02 G2, Risk Layers,0.141938566
CAS 2018-C01 G1, Risk Layers,0.207111040
CAS 2017-C07 G2, Risk Layers,0.120791126
CAS 2017-C07 G1, Risk Layers,0.208758387
CAS 2017-C06 G2, Risk Layers,0.113191675
CAS 2017-C06 G1, Risk Layers,0.174188544
CAS 2017-C05 G1, Risk Layers,0.136538990
CAS 2017-C04 G2, Risk Layers,0.082304155
CAS 2017-C03 G1, Risk Layers,0.133697562
CAS 2017-C02 G2, Risk Layers,0.083220597
CAS 2017-C01 G1, Risk Layers,0.146897817
CAS 2016-C07 G2, Risk Layers,0.089823983
CAS 2016-C06 G1, Risk Layers,0.163907374
CAS 2016-C05 G2, Risk Layers,0.085819624
CAS 2016-C04 G1, Risk Layers,0.159144376
CAS 2016-C03 G2, Risk Layers,0.075329198
CAS 2016-C03 G1, Risk Layers,0.140291918
CAS 2016-C02 G1, Risk Layers,0.127712032
CAS 2016-C01 G2, Risk Layers,0.084248839
CAS 2016-C01 G1, Risk Layers,0.160330435
CAS 2015-C04 G2, Risk Layers,0.095494222
CAS 2015-C04 G1, Risk Layers,0.182845089
CAS 2015-C03 G2, Risk Layers,0.090325047
CAS 2015-C03 G1, Risk Layers,0.166497857
CAS 2015-C02 G2, Risk Layers,0.077438513
CAS 2015-C02 G1, Risk Layers,0.171415164
CAS 2015-C01 G2, Risk Layers,0.052666387
CAS 2015-C01 G1, Risk Layers,0.142394327
CAS 2014-C04 G2, Risk Layers,0.032763628
CAS 2014-C04 G1, Risk Layers,0.102727799
CAS 2014-C03 G2, Risk Layers,0.027586440
CAS 2014-C03 G1, Risk Layers,0.081166971
CAS 2014-C02 G2, Risk Layers,0.027057107
CAS 2014-C02 G1, Risk Layers,0.073039993
CAS 2014-C01, Risk Layers,0.073957056
CAS 2013-C01, Risk Layers,0.075496806
CAS 2020-R02 G2,Forbearance (%),0.060810542
CAS 2020-R01 G1,Forbearance (%),0.045349519
CAS 2019-R07 G1,Forbearance (%),0.062234176
CAS 2019-R06 G2,Forbearance (%),0.077497176
CAS 2019-R05 G1,Forbearance (%),0.075508032
CAS 2019-R04 G2,Forbearance (%),0.083901549
CAS 2019-R03 G1,Forbearance (%),0.070899268
CAS 2019-R02 G1,Forbearance (%),0.072017871
CAS 2019-R01 G2,Forbearance (%),0.082941601
CAS 2019-HRP1,Forbearance (%),0
CAS 2018-R07 G1,Forbearance (%),0.071750942
CAS 2018-C06 G2,Forbearance (%),0.079567714
CAS 2018-C06 G1,Forbearance (%),0.068208412
CAS 2018-C05 G1,Forbearance (%),0.058430530
CAS 2018-C04 G2,Forbearance (%),0.070848590
CAS 2018-C03 G1,Forbearance (%),0.053894020
CAS 2018-C02 G2,Forbearance (%),0.060085881
CAS 2018-C01 G1,Forbearance (%),0.050103179
CAS 2017-C07 G2,Forbearance (%),0.064296755
CAS 2017-C07 G1,Forbearance (%),0.050024654
CAS 2017-C06 G2,Forbearance (%),0.061080953
CAS 2017-C06 G1,Forbearance (%),0.046724565
CAS 2017-C05 G1,Forbearance (%),0.035250390
CAS 2017-C04 G2,Forbearance (%),0.048263825
CAS 2017-C03 G1,Forbearance (%),0.033625098
CAS 2017-C02 G2,Forbearance (%),0.042604036
CAS 2017-C01 G1,Forbearance (%),0.038046588
CAS 2016-C07 G2,Forbearance (%),0.050106400
CAS 2016-C06 G1,Forbearance (%),0.038568967
CAS 2016-C05 G2,Forbearance (%),0.045800783
CAS 2016-C04 G1,Forbearance (%),0.036965836
CAS 2016-C03 G2,Forbearance (%),0.039051350
CAS 2016-C03 G1,Forbearance (%),0.031538210
CAS 2016-C02 G1,Forbearance (%),0.032462794
CAS 2016-C01 G2,Forbearance (%),0.049039423
CAS 2016-C01 G1,Forbearance (%),0.038685657
CAS 2015-C04 G2,Forbearance (%),0.048311358
CAS 2015-C04 G1,Forbearance (%),0.038584585
CAS 2015-C03 G2,Forbearance (%),0.014290047
CAS 2015-C03 G1,Forbearance (%),0.008841802
CAS 2015-C02 G2,Forbearance (%),0.011791195
CAS 2015-C02 G1,Forbearance (%),0.009234177
CAS 2015-C01 G2,Forbearance (%),0.010937386
CAS 2015-C01 G1,Forbearance (%),0.008140269
CAS 2014-C04 G2,Forbearance (%),0.008904935
CAS 2014-C04 G1,Forbearance (%),0.005976282
CAS 2014-C03 G2,Forbearance (%),0.006783062
CAS 2014-C03 G1,Forbearance (%),0.004595108
CAS 2014-C02 G2,Forbearance (%),0.005623890
CAS 2014-C02 G1,Forbearance (%),0.003956043
CAS 2014-C01,Forbearance (%),0.003680540
CAS 2013-C01,Forbearance (%),0.003690788
CAS 2020-R02 G2,SFHA UPB (%),0.028905019
CAS 2020-R01 G1,SFHA UPB (%),0.035799733
CAS 2019-R07 G1,SFHA UPB (%),0.041768966
CAS 2019-R06 G2,SFHA UPB (%),0.033246920
CAS 2019-R05 G1,SFHA UPB (%),0.040318504
CAS 2019-R04 G2,SFHA UPB (%),0.034085786
CAS 2019-R03 G1,SFHA UPB (%),0.040391094
CAS 2019-R02 G1,SFHA UPB (%),0.040466374
CAS 2019-R01 G2,SFHA UPB (%),0.032809181
CAS 2019-HRP1,SFHA UPB (%),0
CAS 2018-R07 G1,SFHA UPB (%),0.040551681
CAS 2018-C06 G2,SFHA UPB (%),0.033411651
CAS 2018-C06 G1,SFHA UPB (%),0.039707745
CAS 2018-C05 G1,SFHA UPB (%),0.035739026
CAS 2018-C04 G2,SFHA UPB (%),0.029450485
CAS 2018-C03 G1,SFHA UPB (%),0.033082875
CAS 2018-C02 G2,SFHA UPB (%),0.029296446
CAS 2018-C01 G1,SFHA UPB (%),0.038227649
CAS 2017-C07 G2,SFHA UPB (%),0.023608638
CAS 2017-C07 G1,SFHA UPB (%),0.027924201
CAS 2017-C06 G2,SFHA UPB (%),0.031911126
CAS 2017-C06 G1,SFHA UPB (%),0.035310757
CAS 2017-C05 G1,SFHA UPB (%),0.031417970
CAS 2017-C04 G2,SFHA UPB (%),0.026349253
CAS 2017-C03 G1,SFHA UPB (%),0.031782599
CAS 2017-C02 G2,SFHA UPB (%),0.026404068
CAS 2017-C01 G1,SFHA UPB (%),0.034307069
CAS 2016-C07 G2,SFHA UPB (%),0.031285919
CAS 2016-C06 G1,SFHA UPB (%),0.035787384
CAS 2016-C05 G2,SFHA UPB (%),0.027477902
CAS 2016-C04 G1,SFHA UPB (%),0.035748169
CAS 2016-C03 G2,SFHA UPB (%),0.028828571
CAS 2016-C03 G1,SFHA UPB (%),0.037135682
CAS 2016-C02 G1,SFHA UPB (%),0.033204852
CAS 2016-C01 G2,SFHA UPB (%),0.031752451
CAS 2016-C01 G1,SFHA UPB (%),0.036905635
CAS 2015-C04 G2,SFHA UPB (%),0.030708687
CAS 2015-C04 G1,SFHA UPB (%),0.039716688
CAS 2015-C03 G2,SFHA UPB (%),0.029495870
CAS 2015-C03 G1,SFHA UPB (%),0.040700354
CAS 2015-C02 G2,SFHA UPB (%),0.028437483
CAS 2015-C02 G1,SFHA UPB (%),0.040448426
CAS 2015-C01 G2,SFHA UPB (%),0.030399213
CAS 2015-C01 G1,SFHA UPB (%),0.045583675
CAS 2014-C04 G2,SFHA UPB (%),0.026001173
CAS 2014-C04 G1,SFHA UPB (%),0.038716183
CAS 2014-C03 G2,SFHA UPB (%),0.025439707
CAS 2014-C03 G1,SFHA UPB (%),0.036789469
CAS 2014-C02 G2,SFHA UPB (%),0.023849402
CAS 2014-C02 G1,SFHA UPB (%),0.032037377
CAS 2014-C01,SFHA UPB (%),0.030050919
CAS 2013-C01,SFHA UPB (%),0.033797619
CAS 2020-R02 G2,Only PR/VI (%),0
CAS 2020-R01 G1,Only PR/VI (%),0
CAS 2019-R07 G1,Only PR/VI (%),0
CAS 2019-R06 G2,Only PR/VI (%),0
CAS 2019-R05 G1,Only PR/VI (%),0
CAS 2019-R04 G2,Only PR/VI (%),0
CAS 2019-R03 G1,Only PR/VI (%),0
CAS 2019-R02 G1,Only PR/VI (%),0
CAS 2019-R01 G2,Only PR/VI (%),0
CAS 2019-HRP1,Only PR/VI (%),0
CAS 2018-R07 G1,Only PR/VI (%),0
CAS 2018-C06 G2,Only PR/VI (%),0
CAS 2018-C06 G1,Only PR/VI (%),0
CAS 2018-C05 G1,Only PR/VI (%),0
CAS 2018-C04 G2,Only PR/VI (%),0
CAS 2018-C03 G1,Only PR/VI (%),0
CAS 2018-C02 G2,Only PR/VI (%),0.000301640
CAS 2018-C01 G1,Only PR/VI (%),0.001114241
CAS 2017-C07 G2,Only PR/VI (%),0
CAS 2017-C07 G1,Only PR/VI (%),0
CAS 2017-C06 G2,Only PR/VI (%),0.001467855
CAS 2017-C06 G1,Only PR/VI (%),0.001476057
CAS 2017-C05 G1,Only PR/VI (%),0.001192543
CAS 2017-C04 G2,Only PR/VI (%),0.001094887
CAS 2017-C03 G1,Only PR/VI (%),0.001339964
CAS 2017-C02 G2,Only PR/VI (%),0.001359149
CAS 2017-C01 G1,Only PR/VI (%),0.001943959
CAS 2016-C07 G2,Only PR/VI (%),0.001745217
CAS 2016-C06 G1,Only PR/VI (%),0.002860877
CAS 2016-C05 G2,Only PR/VI (%),0.001637454
CAS 2016-C04 G1,Only PR/VI (%),0.002199764
CAS 2016-C03 G2,Only PR/VI (%),0.002977951
CAS 2016-C03 G1,Only PR/VI (%),0.002067584
CAS 2016-C02 G1,Only PR/VI (%),0.002685965
CAS 2016-C01 G2,Only PR/VI (%),0.003715469
CAS 2016-C01 G1,Only PR/VI (%),0.003516460
CAS 2015-C04 G2,Only PR/VI (%),0.003956941
CAS 2015-C04 G1,Only PR/VI (%),0.004167857
CAS 2015-C03 G2,Only PR/VI (%),0.004403347
CAS 2015-C03 G1,Only PR/VI (%),0.005490211
CAS 2015-C02 G2,Only PR/VI (%),0.010296284
CAS 2015-C02 G1,Only PR/VI (%),0.008828557
CAS 2015-C01 G2,Only PR/VI (%),0.009791670
CAS 2015-C01 G1,Only PR/VI (%),0.005402124
CAS 2014-C04 G2,Only PR/VI (%),0.005389734
CAS 2014-C04 G1,Only PR/VI (%),0.003536244
CAS 2014-C03 G2,Only PR/VI (%),0.002873745
CAS 2014-C03 G1,Only PR/VI (%),0.003153585
CAS 2014-C02 G2,Only PR/VI (%),0.003612803
CAS 2014-C02 G1,Only PR/VI (%),0.003068036
CAS 2014-C01,Only PR/VI (%),0.002980671
CAS 2013-C01,Only PR/VI (%),0.004161588
CAS 2020-R02 G2,Harvey/Irma Damage (%),0
CAS 2020-R01 G1,Harvey/Irma Damage (%),0
CAS 2019-R07 G1,Harvey/Irma Damage (%),0
CAS 2019-R06 G2,Harvey/Irma Damage (%),0
CAS 2019-R05 G1,Harvey/Irma Damage (%),0
CAS 2019-R04 G2,Harvey/Irma Damage (%),0
CAS 2019-R03 G1,Harvey/Irma Damage (%),0
CAS 2019-R02 G1,Harvey/Irma Damage (%),0
CAS 2019-R01 G2,Harvey/Irma Damage (%),0
CAS 2019-HRP1,Harvey/Irma Damage (%),0
CAS 2018-R07 G1,Harvey/Irma Damage (%),0
CAS 2018-C06 G2,Harvey/Irma Damage (%),0
CAS 2018-C06 G1,Harvey/Irma Damage (%),0
CAS 2018-C05 G1,Harvey/Irma Damage (%),0
CAS 2018-C04 G2,Harvey/Irma Damage (%),0
CAS 2018-C03 G1,Harvey/Irma Damage (%),0
CAS 2018-C02 G2,Harvey/Irma Damage (%),0.008779953
CAS 2018-C01 G1,Harvey/Irma Damage (%),0.021743646
CAS 2017-C07 G2,Harvey/Irma Damage (%),0
CAS 2017-C07 G1,Harvey/Irma Damage (%),0
CAS 2017-C06 G2,Harvey/Irma Damage (%),0.029516992
CAS 2017-C06 G1,Harvey/Irma Damage (%),0.026466069
CAS 2017-C05 G1,Harvey/Irma Damage (%),0.021919771
CAS 2017-C04 G2,Harvey/Irma Damage (%),0.022780042
CAS 2017-C03 G1,Harvey/Irma Damage (%),0.022076635
CAS 2017-C02 G2,Harvey/Irma Damage (%),0.022077555
CAS 2017-C01 G1,Harvey/Irma Damage (%),0.026398557
CAS 2016-C07 G2,Harvey/Irma Damage (%),0.029649679
CAS 2016-C06 G1,Harvey/Irma Damage (%),0.026382576
CAS 2016-C05 G2,Harvey/Irma Damage (%),0.024721285
CAS 2016-C04 G1,Harvey/Irma Damage (%),0.026793248
CAS 2016-C03 G2,Harvey/Irma Damage (%),0.024450691
CAS 2016-C03 G1,Harvey/Irma Damage (%),0.024710307
CAS 2016-C02 G1,Harvey/Irma Damage (%),0.023822147
CAS 2016-C01 G2,Harvey/Irma Damage (%),0.025911849
CAS 2016-C01 G1,Harvey/Irma Damage (%),0.026941780
CAS 2015-C04 G2,Harvey/Irma Damage (%),0.024812530
CAS 2015-C04 G1,Harvey/Irma Damage (%),0.028129404
CAS 2015-C03 G2,Harvey/Irma Damage (%),0.022391702
CAS 2015-C03 G1,Harvey/Irma Damage (%),0.027919004
CAS 2015-C02 G2,Harvey/Irma Damage (%),0.023300187
CAS 2015-C02 G1,Harvey/Irma Damage (%),0.028067317
CAS 2015-C01 G2,Harvey/Irma Damage (%),0.017082483
CAS 2015-C01 G1,Harvey/Irma Damage (%),0.023435917
CAS 2014-C04 G2,Harvey/Irma Damage (%),0.012599339
CAS 2014-C04 G1,Harvey/Irma Damage (%),0.020472150
CAS 2014-C03 G2,Harvey/Irma Damage (%),0.014234092
CAS 2014-C03 G1,Harvey/Irma Damage (%),0.016673051
CAS 2014-C02 G2,Harvey/Irma Damage (%),0.010920612
CAS 2014-C02 G1,Harvey/Irma Damage (%),0.012644738
CAS 2014-C01,Harvey/Irma Damage (%),0.011514164
CAS 2013-C01,Harvey/Irma Damage (%),0.013654088
CAS 2020-R02 G2,Florence FEMA UPB (%),0
CAS 2020-R01 G1,Florence FEMA UPB (%),0
CAS 2019-R07 G1,Florence FEMA UPB (%),4.398150982e-05
CAS 2019-R06 G2,Florence FEMA UPB (%),3.141371137e-05
CAS 2019-R05 G1,Florence FEMA UPB (%),9.895376302e-05
CAS 2019-R04 G2,Florence FEMA UPB (%),0.007058206
CAS 2019-R03 G1,Florence FEMA UPB (%),0.006759937
CAS 2019-R02 G1,Florence FEMA UPB (%),0.012206552
CAS 2019-R01 G2,Florence FEMA UPB (%),0.013557940
CAS 2019-HRP1,Florence FEMA UPB (%),0
CAS 2018-R07 G1,Florence FEMA UPB (%),0.011211161
CAS 2018-C06 G2,Florence FEMA UPB (%),0.005905665
CAS 2018-C06 G1,Florence FEMA UPB (%),0.003738554
CAS 2018-C05 G1,Florence FEMA UPB (%),0.010492535
CAS 2018-C04 G2,Florence FEMA UPB (%),0.013286137
CAS 2018-C03 G1,Florence FEMA UPB (%),0.010818880
CAS 2018-C02 G2,Florence FEMA UPB (%),0.013997368
CAS 2018-C01 G1,Florence FEMA UPB (%),0.013083842
CAS 2017-C07 G2,Florence FEMA UPB (%),0.017588732
CAS 2017-C07 G1,Florence FEMA UPB (%),0.013045025
CAS 2017-C06 G2,Florence FEMA UPB (%),0.014212539
CAS 2017-C06 G1,Florence FEMA UPB (%),0.010848779
CAS 2017-C05 G1,Florence FEMA UPB (%),0.010088911
CAS 2017-C04 G2,Florence FEMA UPB (%),0.013614884
CAS 2017-C03 G1,Florence FEMA UPB (%),0.011510796
CAS 2017-C02 G2,Florence FEMA UPB (%),0.012633403
CAS 2017-C01 G1,Florence FEMA UPB (%),0.009605684
CAS 2016-C07 G2,Florence FEMA UPB (%),0.012411460
CAS 2016-C06 G1,Florence FEMA UPB (%),0.011353216
CAS 2016-C05 G2,Florence FEMA UPB (%),0.013245518
CAS 2016-C04 G1,Florence FEMA UPB (%),0.010197793
CAS 2016-C03 G2,Florence FEMA UPB (%),0.011349055
CAS 2016-C03 G1,Florence FEMA UPB (%),0.010212360
CAS 2016-C02 G1,Florence FEMA UPB (%),0.008267509
CAS 2016-C01 G2,Florence FEMA UPB (%),0.012603129
CAS 2016-C01 G1,Florence FEMA UPB (%),0.009012336
CAS 2015-C04 G2,Florence FEMA UPB (%),0.012030585
CAS 2015-C04 G1,Florence FEMA UPB (%),0.010184639
CAS 2015-C03 G2,Florence FEMA UPB (%),0.011328349
CAS 2015-C03 G1,Florence FEMA UPB (%),0.010916880
CAS 2015-C02 G2,Florence FEMA UPB (%),0.011410145
CAS 2015-C02 G1,Florence FEMA UPB (%),0.009856615
CAS 2015-C01 G2,Florence FEMA UPB (%),0.012563151
CAS 2015-C01 G1,Florence FEMA UPB (%),0.011023272
CAS 2014-C04 G2,Florence FEMA UPB (%),0.010478737
CAS 2014-C04 G1,Florence FEMA UPB (%),0.009296452
CAS 2014-C03 G2,Florence FEMA UPB (%),0.008823398
CAS 2014-C03 G1,Florence FEMA UPB (%),0.008038626
CAS 2014-C02 G2,Florence FEMA UPB (%),0.009692098
CAS 2014-C02 G1,Florence FEMA UPB (%),0.007830692
CAS 2014-C01,Florence FEMA UPB (%),0.007654196
CAS 2013-C01,Florence FEMA UPB (%),0.007559741
CAS 2020-R02 G2,California (%),8.968326113
CAS 2020-R01 G1,California (%),15.948802819
CAS 2019-R07 G1,California (%),15.165286650
CAS 2019-R06 G2,California (%),8.214826750
CAS 2019-R05 G1,California (%),13.198204293
CAS 2019-R04 G2,California (%),6.993893924
CAS 2019-R03 G1,California (%),12.599198750
CAS 2019-R02 G1,California (%),13.522503622
CAS 2019-R01 G2,California (%),6.745714649
CAS 2019-HRP1,California (%),16.852473942
CAS 2018-R07 G1,California (%),15.219442751
CAS 2018-C06 G2,California (%),8.429286615
CAS 2018-C06 G1,California (%),17.694168488
CAS 2018-C05 G1,California (%),17.304404699
CAS 2018-C04 G2,California (%),8.989226038
CAS 2018-C03 G1,California (%),17.131752092
CAS 2018-C02 G2,California (%),7.146193484
CAS 2018-C01 G1,California (%),15.417592402
CAS 2017-C07 G2,California (%),7.049720004
CAS 2017-C07 G1,California (%),16.785151091
CAS 2017-C06 G2,California (%),7.114399256
CAS 2017-C06 G1,California (%),16.953441222
CAS 2017-C05 G1,California (%),19.020096832
CAS 2017-C04 G2,California (%),8.064366385
CAS 2017-C03 G1,California (%),18.634062834
CAS 2017-C02 G2,California (%),7.354583372
CAS 2017-C01 G1,California (%),19.968087999
CAS 2016-C07 G2,California (%),7.546194145
CAS 2016-C06 G1,California (%),17.162327051
CAS 2016-C05 G2,California (%),6.495323259
CAS 2016-C04 G1,California (%),17.235691284
CAS 2016-C03 G2,California (%),7.423292064
CAS 2016-C03 G1,California (%),20.863918060
CAS 2016-C02 G1,California (%),24.305005526
CAS 2016-C01 G2,California (%),7.409152105
CAS 2016-C01 G1,California (%),21.597531268
CAS 2015-C04 G2,California (%),6.411865608
CAS 2015-C04 G1,California (%),17.975255982
CAS 2015-C03 G2,California (%),6.245780950
CAS 2015-C03 G1,California (%),16.169747510
CAS 2015-C02 G2,California (%),6.960436064
CAS 2015-C02 G1,California (%),17.509774483
CAS 2015-C01 G2,California (%),5.621356569
CAS 2015-C01 G1,California (%),17.343200090
CAS 2014-C04 G2,California (%),7.562998723
CAS 2014-C04 G1,California (%),21.805495341
CAS 2014-C03 G2,California (%),9.696893456
CAS 2014-C03 G1,California (%),27.051048626
CAS 2014-C02 G2,California (%),10.861718453
CAS 2014-C02 G1,California (%),25.918405069
CAS 2014-C01,California (%),26.299067770
CAS 2013-C01,California (%),23.541878501
CAS 2020-R02 G2,Cashout (%),0
CAS 2020-R01 G1,Cashout (%),0
CAS 2019-R07 G1,Cashout (%),0
CAS 2019-R06 G2,Cashout (%),0
CAS 2019-R05 G1,Cashout (%),0
CAS 2019-R04 G2,Cashout (%),0
CAS 2019-R03 G1,Cashout (%),0
CAS 2019-R02 G1,Cashout (%),0
CAS 2019-R01 G2,Cashout (%),0
CAS 2019-HRP1,Cashout (%),0
CAS 2018-R07 G1,Cashout (%),0
CAS 2018-C06 G2,Cashout (%),0
CAS 2018-C06 G1,Cashout (%),0
CAS 2018-C05 G1,Cashout (%),0
CAS 2018-C04 G2,Cashout (%),0
CAS 2018-C03 G1,Cashout (%),0
CAS 2018-C02 G2,Cashout (%),0
CAS 2018-C01 G1,Cashout (%),0
CAS 2017-C07 G2,Cashout (%),0
CAS 2017-C07 G1,Cashout (%),0
CAS 2017-C06 G2,Cashout (%),0
CAS 2017-C06 G1,Cashout (%),0
CAS 2017-C05 G1,Cashout (%),0
CAS 2017-C04 G2,Cashout (%),0
CAS 2017-C03 G1,Cashout (%),0
CAS 2017-C02 G2,Cashout (%),0
CAS 2017-C01 G1,Cashout (%),0
CAS 2016-C07 G2,Cashout (%),0
CAS 2016-C06 G1,Cashout (%),0
CAS 2016-C05 G2,Cashout (%),0
CAS 2016-C04 G1,Cashout (%),0
CAS 2016-C03 G2,Cashout (%),0
CAS 2016-C03 G1,Cashout (%),0
CAS 2016-C02 G1,Cashout (%),0
CAS 2016-C01 G2,Cashout (%),0
CAS 2016-C01 G1,Cashout (%),0
CAS 2015-C04 G2,Cashout (%),0
CAS 2015-C04 G1,Cashout (%),0
CAS 2015-C03 G2,Cashout (%),0
CAS 2015-C03 G1,Cashout (%),0
CAS 2015-C02 G2,Cashout (%),0
CAS 2015-C02 G1,Cashout (%),0
CAS 2015-C01 G2,Cashout (%),0
CAS 2015-C01 G1,Cashout (%),0
CAS 2014-C04 G2,Cashout (%),0
CAS 2014-C04 G1,Cashout (%),0
CAS 2014-C03 G2,Cashout (%),0
CAS 2014-C03 G1,Cashout (%),0
CAS 2014-C02 G2,Cashout (%),0
CAS 2014-C02 G1,Cashout (%),0
CAS 2014-C01,Cashout (%),0
CAS 2013-C01,Cashout (%),0
CAS 2020-R02 G2,Investor (%),0
CAS 2020-R01 G1,Investor (%),0
CAS 2019-R07 G1,Investor (%),0
CAS 2019-R06 G2,Investor (%),0
CAS 2019-R05 G1,Investor (%),0
CAS 2019-R04 G2,Investor (%),0
CAS 2019-R03 G1,Investor (%),0
CAS 2019-R02 G1,Investor (%),0
CAS 2019-R01 G2,Investor (%),0
CAS 2019-HRP1,Investor (%),0
CAS 2018-R07 G1,Investor (%),0
CAS 2018-C06 G2,Investor (%),0
CAS 2018-C06 G1,Investor (%),0
CAS 2018-C05 G1,Investor (%),0
CAS 2018-C04 G2,Investor (%),0
CAS 2018-C03 G1,Investor (%),0
CAS 2018-C02 G2,Investor (%),0
CAS 2018-C01 G1,Investor (%),0
CAS 2017-C07 G2,Investor (%),0
CAS 2017-C07 G1,Investor (%),0
CAS 2017-C06 G2,Investor (%),0
CAS 2017-C06 G1,Investor (%),0
CAS 2017-C05 G1,Investor (%),0
CAS 2017-C04 G2,Investor (%),0
CAS 2017-C03 G1,Investor (%),0
CAS 2017-C02 G2,Investor (%),0
CAS 2017-C01 G1,Investor (%),0
CAS 2016-C07 G2,Investor (%),0
CAS 2016-C06 G1,Investor (%),0
CAS 2016-C05 G2,Investor (%),0
CAS 2016-C04 G1,Investor (%),0
CAS 2016-C03 G2,Investor (%),0
CAS 2016-C03 G1,Investor (%),0
CAS 2016-C02 G1,Investor (%),0
CAS 2016-C01 G2,Investor (%),0
CAS 2016-C01 G1,Investor (%),0
CAS 2015-C04 G2,Investor (%),0
CAS 2015-C04 G1,Investor (%),0
CAS 2015-C03 G2,Investor (%),0
CAS 2015-C03 G1,Investor (%),0
CAS 2015-C02 G2,Investor (%),0
CAS 2015-C02 G1,Investor (%),0
CAS 2015-C01 G2,Investor (%),0
CAS 2015-C01 G1,Investor (%),0
CAS 2014-C04 G2,Investor (%),0
CAS 2014-C04 G1,Investor (%),0
CAS 2014-C03 G2,Investor (%),0
CAS 2014-C03 G1,Investor (%),0
CAS 2014-C02 G2,Investor (%),0
CAS 2014-C02 G1,Investor (%),0
CAS 2014-C01,Investor (%),0
CAS 2013-C01,Investor (%),0
CAS 2020-R02 G2,Orig Rate,4.165525868
CAS 2020-R01 G1,Orig Rate,4.301365394
CAS 2019-R07 G1,Orig Rate,4.674101165
CAS 2019-R06 G2,Orig Rate,4.667060912
CAS 2019-R05 G1,Orig Rate,5.142239171
CAS 2019-R04 G2,Orig Rate,4.911398722
CAS 2019-R03 G1,Orig Rate,5.012904486
CAS 2019-R02 G1,Orig Rate,4.950424499
CAS 2019-R01 G2,Orig Rate,4.800305093
CAS 2019-HRP1,Orig Rate,4.427404833
CAS 2018-R07 G1,Orig Rate,4.838617080
CAS 2018-C06 G2,Orig Rate,4.313095645
CAS 2018-C06 G1,Orig Rate,4.606451966
CAS 2018-C05 G1,Orig Rate,4.279904489
CAS 2018-C04 G2,Orig Rate,4.196357601
CAS 2018-C03 G1,Orig Rate,4.255648552
CAS 2018-C02 G2,Orig Rate,4.242001794
CAS 2018-C01 G1,Orig Rate,4.349438307
CAS 2017-C07 G2,Orig Rate,4.381251113
CAS 2017-C07 G1,Orig Rate,4.354144761
CAS 2017-C06 G2,Orig Rate,4.195145137
CAS 2017-C06 G1,Orig Rate,4.019047761
CAS 2017-C05 G1,Orig Rate,3.736101153
CAS 2017-C04 G2,Orig Rate,3.688678975
CAS 2017-C03 G1,Orig Rate,3.795427482
CAS 2017-C02 G2,Orig Rate,3.822709458
CAS 2017-C01 G1,Orig Rate,4.002580212
CAS 2016-C07 G2,Orig Rate,4.096594460
CAS 2016-C06 G1,Orig Rate,4.186630687
CAS 2016-C05 G2,Orig Rate,4.174316103
CAS 2016-C04 G1,Orig Rate,4.195628814
CAS 2016-C03 G2,Orig Rate,4.015488467
CAS 2016-C03 G1,Orig Rate,4.004692914
CAS 2016-C02 G1,Orig Rate,3.990371191
CAS 2016-C01 G2,Orig Rate,4.221935246
CAS 2016-C01 G1,Orig Rate,4.192614691
CAS 2015-C04 G2,Orig Rate,4.420824100
CAS 2015-C04 G1,Orig Rate,4.423884440
CAS 2015-C03 G2,Orig Rate,4.506970791
CAS 2015-C03 G1,Orig Rate,4.517592638
CAS 2015-C02 G2,Orig Rate,4.591797096
CAS 2015-C02 G1,Orig Rate,4.608791305
CAS 2015-C01 G2,Orig Rate,4.545463725
CAS 2015-C01 G1,Orig Rate,4.508725387
CAS 2014-C04 G2,Orig Rate,3.927134520
CAS 2014-C04 G1,Orig Rate,3.907796590
CAS 2014-C03 G2,Orig Rate,3.702318199
CAS 2014-C03 G1,Orig Rate,3.721634278
CAS 2014-C02 G2,Orig Rate,3.541428274
CAS 2014-C02 G1,Orig Rate,3.562340440
CAS 2014-C01,Orig Rate,3.610192683
CAS 2013-C01,Orig Rate,3.821491284
CAS 2020-R02 G2,Debt to Income Ratio,37.830594576
CAS 2020-R01 G1,Debt to Income Ratio,36.372821120
CAS 2019-R07 G1,Debt to Income Ratio,37.003208887
CAS 2019-R06 G2,Debt to Income Ratio,38.618864649
CAS 2019-R05 G1,Debt to Income Ratio,38.460818628
CAS 2019-R04 G2,Debt to Income Ratio,38.919234605
CAS 2019-R03 G1,Debt to Income Ratio,38.215212783
CAS 2019-R02 G1,Debt to Income Ratio,38.013062018
CAS 2019-R01 G2,Debt to Income Ratio,38.703304554
CAS 2019-HRP1,Debt to Income Ratio,
CAS 2018-R07 G1,Debt to Income Ratio,38.213828288
CAS 2018-C06 G2,Debt to Income Ratio,38.347248159
CAS 2018-C06 G1,Debt to Income Ratio,37.833125669
CAS 2018-C05 G1,Debt to Income Ratio,37.125393589
CAS 2018-C04 G2,Debt to Income Ratio,37.728680992
CAS 2018-C03 G1,Debt to Income Ratio,36.107606255
CAS 2018-C02 G2,Debt to Income Ratio,35.832142829
CAS 2018-C01 G1,Debt to Income Ratio,35.057822811
CAS 2017-C07 G2,Debt to Income Ratio,35.590262339
CAS 2017-C07 G1,Debt to Income Ratio,35.276577144
CAS 2017-C06 G2,Debt to Income Ratio,35.618307310
CAS 2017-C06 G1,Debt to Income Ratio,34.520205836
CAS 2017-C05 G1,Debt to Income Ratio,33.585081177
CAS 2017-C04 G2,Debt to Income Ratio,34.579214734
CAS 2017-C03 G1,Debt to Income Ratio,33.471979267
CAS 2017-C02 G2,Debt to Income Ratio,34.446458884
CAS 2017-C01 G1,Debt to Income Ratio,34.041828086
CAS 2016-C07 G2,Debt to Income Ratio,34.763133757
CAS 2016-C06 G1,Debt to Income Ratio,34.312065792
CAS 2016-C05 G2,Debt to Income Ratio,34.566501151
CAS 2016-C04 G1,Debt to Income Ratio,34.067705978
CAS 2016-C03 G2,Debt to Income Ratio,34.145172602
CAS 2016-C03 G1,Debt to Income Ratio,33.671387396
CAS 2016-C02 G1,Debt to Income Ratio,33.689976627
CAS 2016-C01 G2,Debt to Income Ratio,34.900851593
CAS 2016-C01 G1,Debt to Income Ratio,34.222170713
CAS 2015-C04 G2,Debt to Income Ratio,34.906512404
CAS 2015-C04 G1,Debt to Income Ratio,34.562141748
CAS 2015-C03 G2,Debt to Income Ratio,34.684301311
CAS 2015-C03 G1,Debt to Income Ratio,34.186321238
CAS 2015-C02 G2,Debt to Income Ratio,34.914419484
CAS 2015-C02 G1,Debt to Income Ratio,34.597369674
CAS 2015-C01 G2,Debt to Income Ratio,34.463502343
CAS 2015-C01 G1,Debt to Income Ratio,34.134128611
CAS 2014-C04 G2,Debt to Income Ratio,33.557711522
CAS 2014-C04 G1,Debt to Income Ratio,32.894762056
CAS 2014-C03 G2,Debt to Income Ratio,32.974188378
CAS 2014-C03 G1,Debt to Income Ratio,32.375706413
CAS 2014-C02 G2,Debt to Income Ratio,32.455315963
CAS 2014-C02 G1,Debt to Income Ratio,31.648263879
CAS 2014-C01,Debt to Income Ratio,31.519074283
CAS 2013-C01,Debt to Income Ratio,31.675375750
CAS 2020-R02 G2,CLTV ,92.864478970
CAS 2020-R01 G1,CLTV ,75.956019850
CAS 2019-R07 G1,CLTV ,75.951268354
CAS 2019-R06 G2,CLTV ,93.340087982
CAS 2019-R05 G1,CLTV ,75.897560648
CAS 2019-R04 G2,CLTV ,93.232792332
CAS 2019-R03 G1,CLTV ,76.219678356
CAS 2019-R02 G1,CLTV ,76.181804653
CAS 2019-R01 G2,CLTV ,93.245099533
CAS 2019-HRP1,CLTV ,85.830570466
CAS 2018-R07 G1,CLTV ,76.103847753
CAS 2018-C06 G2,CLTV ,92.755507485
CAS 2018-C06 G1,CLTV ,75.771146918
CAS 2018-C05 G1,CLTV ,75.745433386
CAS 2018-C04 G2,CLTV ,92.763118788
CAS 2018-C03 G1,CLTV ,76.029847623
CAS 2018-C02 G2,CLTV ,92.766872173
CAS 2018-C01 G1,CLTV ,76.276346714
CAS 2017-C07 G2,CLTV ,92.798038054
CAS 2017-C07 G1,CLTV ,75.643491122
CAS 2017-C06 G2,CLTV ,92.303659747
CAS 2017-C06 G1,CLTV ,75.410675745
CAS 2017-C05 G1,CLTV ,75.300744868
CAS 2017-C04 G2,CLTV ,92.042611697
CAS 2017-C03 G1,CLTV ,75.741773434
CAS 2017-C02 G2,CLTV ,92.302295837
CAS 2017-C01 G1,CLTV ,75.827484290
CAS 2016-C07 G2,CLTV ,92.195323770
CAS 2016-C06 G1,CLTV ,75.917036323
CAS 2016-C05 G2,CLTV ,92.273074281
CAS 2016-C04 G1,CLTV ,76.283154893
CAS 2016-C03 G2,CLTV ,91.961221261
CAS 2016-C03 G1,CLTV ,76.074369862
CAS 2016-C02 G1,CLTV ,75.568217892
CAS 2016-C01 G2,CLTV ,91.855717637
CAS 2016-C01 G1,CLTV ,75.848708794
CAS 2015-C04 G2,CLTV ,92.081881623
CAS 2015-C04 G1,CLTV ,76.508309587
CAS 2015-C03 G2,CLTV ,92.231859340
CAS 2015-C03 G1,CLTV ,76.645420919
CAS 2015-C02 G2,CLTV ,92.384528062
CAS 2015-C02 G1,CLTV ,76.249652693
CAS 2015-C01 G2,CLTV ,92.473427736
CAS 2015-C01 G1,CLTV ,76.070437412
CAS 2014-C04 G2,CLTV ,92.042969347
CAS 2014-C04 G1,CLTV ,75.755299305
CAS 2014-C03 G2,CLTV ,91.425664892
CAS 2014-C03 G1,CLTV ,75.378368671
CAS 2014-C02 G2,CLTV ,90.851269682
CAS 2014-C02 G1,CLTV ,74.984468530
CAS 2014-C01,CLTV ,75.182500706
CAS 2013-C01,CLTV ,75.459023138
CAS 2020-R02 G2,LTV ,92.847502763
CAS 2020-R01 G1,LTV ,75.527802633
CAS 2019-R07 G1,LTV ,75.557514445
CAS 2019-R06 G2,LTV ,93.313053216
CAS 2019-R05 G1,LTV ,75.440608435
CAS 2019-R04 G2,LTV ,93.201072224
CAS 2019-R03 G1,LTV ,75.700965537
CAS 2019-R02 G1,LTV ,75.722040650
CAS 2019-R01 G2,LTV ,93.217572124
CAS 2019-HRP1,LTV ,81.475207005
CAS 2018-R07 G1,LTV ,75.635654629
CAS 2018-C06 G2,LTV ,92.726834847
CAS 2018-C06 G1,LTV ,75.286469259
CAS 2018-C05 G1,LTV ,75.310177577
CAS 2018-C04 G2,LTV ,92.732163155
CAS 2018-C03 G1,LTV ,75.535409130
CAS 2018-C02 G2,LTV ,92.741376380
CAS 2018-C01 G1,LTV ,75.764958433
CAS 2017-C07 G2,LTV ,92.758857185
CAS 2017-C07 G1,LTV ,75.113057618
CAS 2017-C06 G2,LTV ,92.259921761
CAS 2017-C06 G1,LTV ,74.856837807
CAS 2017-C05 G1,LTV ,74.791992585
CAS 2017-C04 G2,LTV ,92.017295069
CAS 2017-C03 G1,LTV ,75.203294945
CAS 2017-C02 G2,LTV ,92.282602797
CAS 2017-C01 G1,LTV ,75.278739695
CAS 2016-C07 G2,LTV ,92.172164496
CAS 2016-C06 G1,LTV ,75.366672954
CAS 2016-C05 G2,LTV ,92.251756950
CAS 2016-C04 G1,LTV ,75.591595109
CAS 2016-C03 G2,LTV ,91.934094111
CAS 2016-C03 G1,LTV ,75.330578391
CAS 2016-C02 G1,LTV ,74.817034272
CAS 2016-C01 G2,LTV ,91.811873266
CAS 2016-C01 G1,LTV ,75.228675604
CAS 2015-C04 G2,LTV ,92.065354288
CAS 2015-C04 G1,LTV ,75.856815129
CAS 2015-C03 G2,LTV ,92.213757491
CAS 2015-C03 G1,LTV ,76.025867053
CAS 2015-C02 G2,LTV ,92.365290747
CAS 2015-C02 G1,LTV ,75.671515148
CAS 2015-C01 G2,LTV ,92.451577129
CAS 2015-C01 G1,LTV ,75.475846158
CAS 2014-C04 G2,LTV ,92.014866433
CAS 2014-C04 G1,LTV ,75.015750765
CAS 2014-C03 G2,LTV ,91.380670384
CAS 2014-C03 G1,LTV ,74.583631618
CAS 2014-C02 G2,LTV ,90.799081359
CAS 2014-C02 G1,LTV ,74.156385311
CAS 2014-C01,LTV ,74.440931558
CAS 2013-C01,LTV ,74.786999044
CAS 2020-R02 G2,FICO ,738.922724713
CAS 2020-R01 G1,FICO ,745.310508905
CAS 2019-R07 G1,FICO ,739.908338130
CAS 2019-R06 G2,FICO ,734.285912465
CAS 2019-R05 G1,FICO ,730.427642510
CAS 2019-R04 G2,FICO ,733.307457970
CAS 2019-R03 G1,FICO ,734.247006755
CAS 2019-R02 G1,FICO ,735.710038578
CAS 2019-R01 G2,FICO ,735.512446416
CAS 2019-HRP1,FICO ,746.523533063
CAS 2018-R07 G1,FICO ,734.192103997
CAS 2018-C06 G2,FICO ,738.877524884
CAS 2018-C06 G1,FICO ,735.687212533
CAS 2018-C05 G1,FICO ,740.883248661
CAS 2018-C04 G2,FICO ,738.834424557
CAS 2018-C03 G1,FICO ,741.194967671
CAS 2018-C02 G2,FICO ,740.021877325
CAS 2018-C01 G1,FICO ,743.937667854
CAS 2017-C07 G2,FICO ,739.229627517
CAS 2017-C07 G1,FICO ,742.708342320
CAS 2017-C06 G2,FICO ,740.667103780
CAS 2017-C06 G1,FICO ,746.386511268
CAS 2017-C05 G1,FICO ,752.919067858
CAS 2017-C04 G2,FICO ,746.777404927
CAS 2017-C03 G1,FICO ,753.645043706
CAS 2017-C02 G2,FICO ,746.154014974
CAS 2017-C01 G1,FICO ,749.601934177
CAS 2016-C07 G2,FICO ,742.979662522
CAS 2016-C06 G1,FICO ,746.555293297
CAS 2016-C05 G2,FICO ,744.005531950
CAS 2016-C04 G1,FICO ,748.659913402
CAS 2016-C03 G2,FICO ,746.107923100
CAS 2016-C03 G1,FICO ,752.899341512
CAS 2016-C02 G1,FICO ,753.718126595
CAS 2016-C01 G2,FICO ,742.466477302
CAS 2016-C01 G1,FICO ,748.099417713
CAS 2015-C04 G2,FICO ,741.007563495
CAS 2015-C04 G1,FICO ,746.414713735
CAS 2015-C03 G2,FICO ,742.102463089
CAS 2015-C03 G1,FICO ,748.411385972
CAS 2015-C02 G2,FICO ,743.724429377
CAS 2015-C02 G1,FICO ,747.609517503
CAS 2015-C01 G2,FICO ,748.185002360
CAS 2015-C01 G1,FICO ,752.019545800
CAS 2014-C04 G2,FICO ,754.344400537
CAS 2014-C04 G1,FICO ,759.636452136
CAS 2014-C03 G2,FICO ,756.412186977
CAS 2014-C03 G1,FICO ,762.886172398
CAS 2014-C02 G2,FICO ,757.925636024
CAS 2014-C02 G1,FICO ,765.332281780
CAS 2014-C01,FICO ,766.281257894
CAS 2013-C01,FICO ,766.688958205
CAS 2020-R02 G2,Loan Count,72609
CAS 2020-R01 G1,Loan Count,57170
CAS 2019-R07 G1,Loan Count,50047
CAS 2019-R06 G2,Loan Count,68179
CAS 2019-R05 G1,Loan Count,40598
CAS 2019-R04 G2,Loan Count,46873
CAS 2019-R03 G1,Loan Count,37180
CAS 2019-R02 G1,Loan Count,44066
CAS 2019-R01 G2,Loan Count,51732
CAS 2019-HRP1,Loan Count,613673
CAS 2018-R07 G1,Loan Count,42543
CAS 2018-C06 G2,Loan Count,21797
CAS 2018-C06 G1,Loan Count,28610
CAS 2018-C05 G1,Loan Count,59452
CAS 2018-C04 G2,Loan Count,54959
CAS 2018-C03 G1,Loan Count,64035
CAS 2018-C02 G2,Loan Count,55155
CAS 2018-C01 G1,Loan Count,87862
CAS 2017-C07 G2,Loan Count,24318
CAS 2017-C07 G1,Loan Count,40800
CAS 2017-C06 G2,Loan Count,29910
CAS 2017-C06 G1,Loan Count,35029
CAS 2017-C05 G1,Loan Count,94722
CAS 2017-C04 G2,Loan Count,69765
CAS 2017-C03 G1,Loan Count,86186
CAS 2017-C02 G2,Loan Count,86278
CAS 2017-C01 G1,Loan Count,83532
CAS 2016-C07 G2,Loan Count,40094
CAS 2016-C06 G1,Loan Count,61288
CAS 2016-C05 G2,Loan Count,64256
CAS 2016-C04 G1,Loan Count,74315
CAS 2016-C03 G2,Loan Count,40745
CAS 2016-C03 G1,Loan Count,20748
CAS 2016-C02 G1,Loan Count,57760
CAS 2016-C01 G2,Loan Count,15655
CAS 2016-C01 G1,Loan Count,29564
CAS 2015-C04 G2,Loan Count,24928
CAS 2015-C04 G1,Loan Count,41337
CAS 2015-C03 G2,Loan Count,24001
CAS 2015-C03 G1,Loan Count,40864
CAS 2015-C02 G2,Loan Count,20211
CAS 2015-C02 G1,Loan Count,40765
CAS 2015-C01 G2,Loan Count,20583
CAS 2015-C01 G1,Loan Count,43024
CAS 2014-C04 G2,Loan Count,25440
CAS 2014-C04 G1,Loan Count,58478
CAS 2014-C03 G2,Loan Count,31522
CAS 2014-C03 G1,Loan Count,104139
CAS 2014-C02 G2,Loan Count,24865
CAS 2014-C02 G1,Loan Count,86011
CAS 2014-C01,Loan Count,52283
CAS 2013-C01,Loan Count,42873
CAS 2020-R02 G2,% of Total UPB*,1
CAS 2020-R01 G1,% of Total UPB*,1
CAS 2019-R07 G1,% of Total UPB*,1
CAS 2019-R06 G2,% of Total UPB*,1
CAS 2019-R05 G1,% of Total UPB*,1
CAS 2019-R04 G2,% of Total UPB*,1
CAS 2019-R03 G1,% of Total UPB*,1
CAS 2019-R02 G1,% of Total UPB*,1
CAS 2019-R01 G2,% of Total UPB*,1
CAS 2019-HRP1,% of Total UPB*,1
CAS 2018-R07 G1,% of Total UPB*,1
CAS 2018-C06 G2,% of Total UPB*,1
CAS 2018-C06 G1,% of Total UPB*,1
CAS 2018-C05 G1,% of Total UPB*,1
CAS 2018-C04 G2,% of Total UPB*,1
CAS 2018-C03 G1,% of Total UPB*,1
CAS 2018-C02 G2,% of Total UPB*,1
CAS 2018-C01 G1,% of Total UPB*,1
CAS 2017-C07 G2,% of Total UPB*,1
CAS 2017-C07 G1,% of Total UPB*,1
CAS 2017-C06 G2,% of Total UPB*,1
CAS 2017-C06 G1,% of Total UPB*,1
CAS 2017-C05 G1,% of Total UPB*,1
CAS 2017-C04 G2,% of Total UPB*,1
CAS 2017-C03 G1,% of Total UPB*,1.000000000
CAS 2017-C02 G2,% of Total UPB*,1
CAS 2017-C01 G1,% of Total UPB*,1
CAS 2016-C07 G2,% of Total UPB*,1
CAS 2016-C06 G1,% of Total UPB*,0.999983358
CAS 2016-C05 G2,% of Total UPB*,1
CAS 2016-C04 G1,% of Total UPB*,1
CAS 2016-C03 G2,% of Total UPB*,1
CAS 2016-C03 G1,% of Total UPB*,1
CAS 2016-C02 G1,% of Total UPB*,1
CAS 2016-C01 G2,% of Total UPB*,1
CAS 2016-C01 G1,% of Total UPB*,0.999973014
CAS 2015-C04 G2,% of Total UPB*,0.999967931
CAS 2015-C04 G1,% of Total UPB*,1
CAS 2015-C03 G2,% of Total UPB*,1
CAS 2015-C03 G1,% of Total UPB*,0.999982868
CAS 2015-C02 G2,% of Total UPB*,0.999994794
CAS 2015-C02 G1,% of Total UPB*,1
CAS 2015-C01 G2,% of Total UPB*,0.999973723
CAS 2015-C01 G1,% of Total UPB*,0.999970468
CAS 2014-C04 G2,% of Total UPB*,1
CAS 2014-C04 G1,% of Total UPB*,1
CAS 2014-C03 G2,% of Total UPB*,1
CAS 2014-C03 G1,% of Total UPB*,0.999996215
CAS 2014-C02 G2,% of Total UPB*,1
CAS 2014-C02 G1,% of Total UPB*,0.999989566
CAS 2014-C01,% of Total UPB*,1
CAS 2013-C01,% of Total UPB*,0.999987435
CAS 2020-R02 G2,UPB ($M)  ,17297615934.3
CAS 2020-R01 G1,UPB ($M)  ,13853021124.88
CAS 2019-R07 G1,UPB ($M)  ,10869648901.04
CAS 2019-R06 G2,UPB ($M)  ,14794464736.94
CAS 2019-R05 G1,UPB ($M)  ,8167656645.32
CAS 2019-R04 G2,UPB ($M)  ,9604115999.96
CAS 2019-R03 G1,UPB ($M)  ,7498007276.49
CAS 2019-R02 G1,UPB ($M)  ,9096966648.3
CAS 2019-R01 G2,UPB ($M)  ,10660733670.59
CAS 2019-HRP1,UPB ($M)  ,75937853267.94
CAS 2018-R07 G1,UPB ($M)  ,8916665428.04
CAS 2018-C06 G2,UPB ($M)  ,4680328629.94
CAS 2018-C06 G1,UPB ($M)  ,6107439351.38
CAS 2018-C05 G1,UPB ($M)  ,13180192218.74
CAS 2018-C04 G2,UPB ($M)  ,11650306068.76
CAS 2018-C03 G1,UPB ($M)  ,13984651006.04
CAS 2018-C02 G2,UPB ($M)  ,11533537147.61
CAS 2018-C01 G1,UPB ($M)  ,18756659568.77
CAS 2017-C07 G2,UPB ($M)  ,4988638186.75
CAS 2017-C07 G1,UPB ($M)  ,8487282984.83
CAS 2017-C06 G2,UPB ($M)  ,6191772997.76
CAS 2017-C06 G1,UPB ($M)  ,7662802902.07
CAS 2017-C05 G1,UPB ($M)  ,22135109372.52
CAS 2017-C04 G2,UPB ($M)  ,15595039128.33
CAS 2017-C03 G1,UPB ($M)  ,19736670292.2
CAS 2017-C02 G2,UPB ($M)  ,18724468110.24
CAS 2017-C01 G1,UPB ($M)  ,18517476969.01
CAS 2016-C07 G2,UPB ($M)  ,8466074856.77
CAS 2016-C06 G1,UPB ($M)  ,12777084693.34
CAS 2016-C05 G2,UPB ($M)  ,13124055443.83
CAS 2016-C04 G1,UPB ($M)  ,15382990641.19
CAS 2016-C03 G2,UPB ($M)  ,8499942175.99
CAS 2016-C03 G1,UPB ($M)  ,4534674021.29
CAS 2016-C02 G1,UPB ($M)  ,12792611118.74
CAS 2016-C01 G2,UPB ($M)  ,3118853562.95
CAS 2016-C01 G1,UPB ($M)  ,6107359129.91
CAS 2015-C04 G2,UPB ($M)  ,4746424781.09
CAS 2015-C04 G1,UPB ($M)  ,7918422592.16
CAS 2015-C03 G2,UPB ($M)  ,4406994422.36
CAS 2015-C03 G1,UPB ($M)  ,7445115331.52
CAS 2015-C02 G2,UPB ($M)  ,3575791661.74
CAS 2015-C02 G1,UPB ($M)  ,7208888002.8
CAS 2015-C01 G2,UPB ($M)  ,3717430942.23
CAS 2015-C01 G1,UPB ($M)  ,7877841160.64
CAS 2014-C04 G2,UPB ($M)  ,5217031055.51
CAS 2014-C04 G1,UPB ($M)  ,12454193498.34
CAS 2014-C03 G2,UPB ($M)  ,6503939020.16
CAS 2014-C03 G1,UPB ($M)  ,23445583358.3
CAS 2014-C02 G2,UPB ($M)  ,5267315918.67
CAS 2014-C02 G1,UPB ($M)  ,19903772482.54
CAS 2014-C01,UPB ($M)  ,11818038643.67
CAS 2013-C01,UPB ($M)  ,9454793478.56
